K,rho,t_f_num,K_t_f_num,K_t_f_num_over_log_one_over_rho,E_theta_at_t_f_num_over_rho2,E_phi_at_t_f_num_over_rho2
10.0,0.025778574121175325,0.08374187350273132,0.8374187350273132,0.22891478905833837,2.5194528101257694,2.4787772671757096
15.0,0.01718571608078355,0.0828414186835289,1.2426212802529335,0.30578743630558886,2.5200732862279067,2.4677449323999605
22.5,0.0114571440538557,0.07383691519498825,1.6613305918872356,0.3717336936250366,2.486806236090929,2.425213263729426
30.0,0.008592858040391775,0.0648324191570282,1.944972574710846,0.4088805100419834,2.5011330123995053,2.4378769041046384
