{
  "C_tol": 5.0,
  "E_lock_obs": [
    0.00016361382521486167,
    0.00010471741464925313,
    7.272244275050542e-05,
    4.654421088607849e-05,
    2.6182821559542213e-05,
    1.1638858324298368e-05,
    6.54709633469714e-06
  ],
  "E_lock_obs_fit_R2": 0.999999999510378,
  "E_lock_obs_fit_intercept": -1.822722122272478,
  "E_lock_obs_fitted_slope": 1.9997445280005395,
  "E_lock_obs_over_rho2": [
    0.16173142817141256,
    0.16173848125495363,
    0.16174296486920922,
    0.16174938534878347,
    0.16175990624650194,
    0.16178838521719724,
    0.1617942797920428
  ],
  "E_phi_obs": [
    0.0001589625787603577,
    0.00010232530118781114,
    7.133351006127775e-05,
    4.5829856200718666e-05,
    2.587954685173699e-05,
    1.1546768095893611e-05,
    6.50767973187083e-06
  ],
  "E_phi_obs_fit_R2": 0.9999975029078333,
  "E_phi_obs_fit_intercept": -1.8961064073657585,
  "E_phi_obs_fitted_slope": 1.986018835301204,
  "E_theta_obs": [
    4.651246454503988e-06,
    2.392113461441997e-06,
    1.3889326892276704e-06,
    7.143546853598248e-07,
    3.0327470780522336e-07,
    9.209022840475645e-08,
    3.9416602826310154e-08
  ],
  "E_theta_obs_fit_R2": 0.9999909034309157,
  "E_theta_obs_fit_intercept": -2.062776333168216,
  "E_theta_obs_fitted_slope": 2.964273401755715,
  "K_representative": 12.0,
  "K_t_f_num": [
    0.6314102167314579,
    0.850844228387521,
    1.0364358879049225,
    1.2597529101695752,
    1.5484504301171862,
    1.9516114522725034,
    2.242967366650178
  ],
  "K_t_obs": [
    6.8961834608638926,
    7.342470563492311,
    7.707113677080223,
    8.15340077970864,
    8.728764924612202,
    9.539695140828531,
    10.115059285732093
  ],
  "K_values": [
    8.0,
    10.0,
    12.0,
    15.0,
    20.0,
    30.0,
    40.0
  ],
  "N": 48,
  "R_gap_obs": [
    4.651246454503988e-06,
    2.392113461441997e-06,
    1.3889326892276704e-06,
    7.143546853598248e-07,
    3.0327470780522336e-07,
    9.209022840475645e-08,
    3.9416602826310154e-08
  ],
  "R_gap_obs_over_rho2": [
    0.004597733295925771,
    0.0036946748498237307,
    0.0030891439102255142,
    0.002482509190257548,
    0.001873659345305714,
    0.0012801194870448419,
    0.0009740777499078696
  ],
  "all_t_obs_post_fast": true,
  "atol": 1e-11,
  "c_init": 0.3,
  "cache_file": "data/cache/fig02_phase_gap_prediction.npz",
  "figure": "Figure 2",
  "jax_x64": true,
  "locked_profile_residual": [
    4.440892098500626e-16,
    8.326672684688674e-16,
    5.551115123125783e-16,
    2.220446049250313e-16,
    5.551115123125783e-16,
    8.326672684688674e-17,
    4.996003610813204e-16
  ],
  "min_K_times_t_obs_minus_t_f_num": 6.264773244132435,
  "min_t_obs_minus_t_f_num": 0.19680229797704787,
  "observation_factor": 2.0,
  "observation_rule": "t_obs = observation_factor * log(1/rho) / K",
  "phi0": 0.85,
  "precision_mode": "x64",
  "rho": [
    0.03180627344742299,
    0.025445018757938392,
    0.021204182298281995,
    0.016963345838625594,
    0.012722509378969196,
    0.008481672919312797,
    0.006361254689484598
  ],
  "rtol": 1e-09,
  "schema_version": "fig02_phase_gap_prediction_obs_elock_x64_v3",
  "sigma_omega": 0.15,
  "sphere_norm_error": [
    5.334623853769926e-10,
    5.202802633164083e-10,
    5.037756878323307e-10,
    4.757776395081237e-10,
    4.5308357066176086e-10,
    4.676056208907653e-10,
    4.794723507117737e-10
  ],
  "state_dtype": "float64",
  "t_f_num": [
    0.07892627709143224,
    0.0850844228387521,
    0.08636965732541022,
    0.08398352734463835,
    0.0774225215058593,
    0.06505371507575011,
    0.05607418416625445
  ],
  "t_obs": [
    0.8620229326079866,
    0.7342470563492312,
    0.6422594730900185,
    0.543560051980576,
    0.4364382462306101,
    0.3179898380276177,
    0.25287648214330233
  ],
  "theta0": 0.3,
  "time_dtype": "float64"
}
