K,rho,t_f_num,R_gap,R_gap_over_rho2,threshold,locked_profile_residual,sphere_norm_error
8.0,0.03180627344742299,0.07896996,0.002537968691698164,2.508769051904001,0.005058195153061223,4.440892098500626e-16,2.2649765014648438e-06
10.0,0.025445018757938392,0.08583692,0.0016193618389072784,2.5011420049316517,0.0032372448979591834,8.326672684688674e-16,2.6226043701171875e-06
12.0,0.021204182298281995,0.08755366,0.0011129421872338539,2.4753097157201176,0.0022480867346938776,5.551115123125783e-16,2.384185791015625e-06
15.0,0.016963345838625594,0.08412018,0.000720770193776742,2.5048042195078275,0.001438775510204081,2.220446049250313e-16,2.5033950805664062e-06
20.0,0.012722509378969196,0.07725322,0.00040725737922553667,2.516073958335861,0.0008093112244897958,5.551115123125783e-16,2.8014183044433594e-06
30.0,0.008481672919312797,0.065236054,0.00017964124765636885,2.49714074756371,0.00035969387755102025,8.326672684688674e-17,2.562999725341797e-06
40.0,0.006361254689484598,0.056652363,9.878305103002121e-05,2.4411634990555284,0.00020232780612244896,4.996003610813204e-16,2.8014183044433594e-06
