panel,num_points,ratio_or_relative_error_min,ratio_or_relative_error_max,ratio_or_relative_error_mean,maximum_absolute_error
a_drift_rate,45,0.9970229996429605,0.9998299516172839,0.9990803881322929,0.0029770003570395165
b_hitting_time,125,6.618838422911083e-05,0.008912769185325955,0.0016685751631242433,0.026491254369007677
