frequency_mode,seed,K,sigma_omega,rho,Lambda_K,D_meas,D_meas_over_Lambda_K,relative_drift_error,t_f_num,fast_threshold_reached,locked_profile_residual,sphere_norm_error
deterministic,-1,8.0,0.16,0.03357488238658072,0.0032015367121530306,0.0032007976730102747,0.9997691611219229,0.0002308388780770665,0.12229015678167343,True,1.609823385706477e-15,2.8014183044433594e-06
deterministic,-1,8.0,0.2,0.04196860298322589,0.005003753751372754,0.005001663380310731,0.9995822394214645,0.00041776057853548654,0.12229015678167343,True,4.440892098500626e-16,2.86102294921875e-06
deterministic,-1,8.0,0.24,0.05036232357987106,0.007207788887503884,0.007202861570838237,0.9993163899855351,0.0006836100144649304,0.12229015678167343,True,1.4988010832439613e-15,2.5033950805664062e-06
deterministic,-1,10.0,0.16,0.026859905909264577,0.0025607865267772856,0.002560439978689,0.9998646712310214,0.00013532876897859314,0.12229015678167343,True,1.0547118733938987e-15,2.4437904357910156e-06
deterministic,-1,10.0,0.2,0.03357488238658071,0.004001920890191293,0.004000944183997123,0.9997559406542584,0.00024405934574156518,0.12229015678167343,True,1.1102230246251565e-16,2.8014183044433594e-06
deterministic,-1,10.0,0.24,0.04028985886389685,0.0057639848291623315,0.005761639436662063,0.9995930953030268,0.0004069046969732426,0.12229015678167343,True,5.551115123125783e-16,2.5033950805664062e-06
deterministic,-1,12.0,0.16,0.022383254924387145,0.0021337884145207963,0.0021336261677809454,0.999923963060842,7.603693915803067e-05,0.12229015678167343,True,1.609823385706477e-15,2.682209014892578e-06
deterministic,-1,12.0,0.2,0.027979068655483927,0.0033344446359879314,0.0033339490254014636,0.9998513663771416,0.00014863362285844062,0.12229015678167343,True,8.881784197001252e-16,2.5033950805664062e-06
deterministic,-1,12.0,0.24,0.033574882386580705,0.004802305068229554,0.004801077401500428,0.9997443588627372,0.0002556411372628409,0.12229015678167343,True,5.551115123125783e-16,2.8014183044433594e-06
