K,rho,threshold,t_f_num,t_f_index,K_t_f_num,K_t_f_num_over_log_one_over_rho,E_theta_initial,E_phi_initial,E_lock_initial,E_theta_initial_over_rho,E_phi_initial_over_rho,E_lock_initial_over_rho,E_theta_at_t_f_num,E_phi_at_t_f_num,E_lock_at_t_f_num,E_theta_at_t_f_num_over_rho2,E_phi_at_t_f_num_over_rho2,E_lock_at_t_f_num_over_rho2,threshold_crossed,locked_profile_residual,sphere_norm_error
10.0,0.025778574121175325,0.0033226744186046512,0.08374187350273132,93,0.8374187350273132,0.22891478905833837,0.00386677759894968,0.0038667917,0.007733569324108371,0.14999966952296978,0.15000021750552867,0.29999988702849845,0.001674264280217299,0.001647234,0.0033214982432299943,2.5194528101257694,2.4787772671757096,4.9982300773014785,True,4.440892098500626e-16,2.6226043701171875e-06
15.0,0.01718571608078355,0.0014767441860465114,0.0828414186835289,92,1.2426212802529335,0.30578743630558886,0.002577849251293814,0.0025778413,0.005155690533184683,0.1499995251391516,0.1499990614166679,0.2999985865558195,0.0007443007147696374,0.0007288456,0.001473146311083114,2.5200732862279067,2.4677449323999605,4.987818218627867,True,3.3306690738754696e-16,2.7418136596679688e-06
22.5,0.0114571440538557,0.0006563307493540051,0.07383691519498825,82,1.6613305918872356,0.3717336936250366,0.0017185811692259625,0.0017185807,0.0034371618920348004,0.15000083451404317,0.15000079554995904,0.3000016300640022,0.00032643348008635446,0.0003183484,0.0006447818878317158,2.486806236090929,2.425213263729426,4.912019499820355,True,9.43689570931383e-16,2.8014183044433594e-06
30.0,0.008592858040391775,0.00036918604651162785,0.0648324191570282,72,1.944972574710846,0.4088805100419834,0.0012889122697084723,0.0012889504,0.0025778627129762945,0.14999808720797939,0.15000252968325017,0.3000006168912296,0.0001846766817294983,0.00018000603,0.000364682708951178,2.5011330123995053,2.4378769041046384,4.939009916504144,True,2.7755575615628914e-16,2.9802322387695312e-06
